,df,IOU,MAP,MAP Score,MAF,F1,trial,stat,height,width,area,test
0,1.0,0.5,0.319781135178,0.00863688058489,0.54951416167,0.0170064654,car_t9_1,50%,12.0,14.0,153.0,0.0
1,1.5,0.5,0.279437308875,0.00819279718386,0.521259733995,0.0161320421728,car_t9_1.5,50%,12.0,14.0,153.0,0.0
2,2.0,0.5,0.265251595063,0.00791226645004,0.503411205293,0.0155796626219,car_t9_2,50%,12.0,14.0,153.0,0.0
3,2.5,0.5,0.221438393867,0.00754291903601,0.479911791055,0.0148523984256,car_t9_2.5,50%,12.0,14.0,153.0,0.0
4,3.0,0.5,0.199660770914,0.00727213647441,0.462683481497,0.014319213531,car_t9_3,50%,12.0,14.0,153.0,0.0
5,3.5,0.5,0.163451470497,0.00687462767398,0.437392323065,0.0135364981056,car_t9_3.5,50%,12.0,14.0,153.0,0.0
6,4.0,0.5,0.131045022379,0.00627132412673,0.399007649369,0.0123485621603,car_t9_4,50%,12.0,14.0,153.0,0.0
